name,description,url
Guarani Raity,some sort of guarani library,https://www.guarani-raity.com.py/index.html
Constitución,paraguayan constitution in guarani,https://guaraniayvu.org/Constitution
Agencia de Información Paraguaya,paraguayan information agency,https://www.ip.gov.py/ip/en-guarani/
jw.org,jehovah witnesses site,https://www.jw.org/gug/
Secretaría de Políticas Linguisticas Paraguay,part of paraguayan goverment sites,https://spl.gov.py/gn/
Secretaría Nacional de Cultura Paraguay,part of paraguayan goverment sites,https://cultura.gov.py/
Yvy Marãe'ỹ,institute for cultural studies,https://yvymaraey.edu.py/
Misa Guarani,church readings,https://misaguarani.com/
Ñane Ñe'ẽ Guarani,blog about guarani,https://guaraniete.blogspot.com/
lenguagurani,blog about guarani,https://lenguaguarani.blogspot.com/
Ñe'ẽ,journal of linguistic and cultural research,https://revistanee.com.py/index.php/nee/index
Guarani Renda,bilingual site,https://guaranirenda.tripod.com/index_ovetanda.htm
